model,series,alpha,n_obs,n_violations,violation_rate,expected_rate,kupiec_stat,kupiec_p,kupiec_pass,christoffersen_stat,christoffersen_p,christoffersen_pass,basel_tl,last250_violations,as_z2,as_p,as_pass
HS,BET_ret,0.010000,1994,34,0.017051,0.010000,8.950830,0.002773,False,22.900840,0.000011,False,Green,4,,,
HS,BET_ret,0.025000,1994,66,0.033099,0.025000,8.220466,0.004142,False,32.718604,0.000000,False,Green,6,-0.565036,0.011000,False
HS,BET_ret,0.050000,1994,118,0.059178,0.050000,15.453049,0.000085,False,37.476493,0.000000,False,Green,9,,,
HS,EURRON_ret,0.010000,2081,22,0.010572,0.010000,0.509690,0.475273,True,0.510851,0.774587,True,Yellow,6,,,
HS,EURRON_ret,0.025000,2081,50,0.024027,0.025000,2.613664,0.105947,True,3.078994,0.214489,True,Yellow,12,-1.043490,0.081000,True
HS,EURRON_ret,0.050000,2081,109,0.052379,0.050000,11.426182,0.000724,False,14.426410,0.000737,False,Yellow,21,,,
HS,WIG20_ret,0.010000,1997,36,0.018027,0.010000,11.222671,0.000808,False,19.744913,0.000052,False,Green,4,,,
HS,WIG20_ret,0.025000,1997,68,0.034051,0.025000,9.483609,0.002073,False,16.312780,0.000287,False,Green,5,-0.530573,0.007000,False
HS,WIG20_ret,0.050000,1997,108,0.054081,0.050000,11.762242,0.000604,False,14.555271,0.000691,False,Green,7,,,
HS,EURPLN_ret,0.010000,2083,28,0.013442,0.010000,2.813152,0.093495,True,10.543239,0.005135,False,Green,1,,,
HS,EURPLN_ret,0.025000,2083,59,0.028325,0.025000,3.893731,0.048467,False,8.598687,0.013577,False,Green,4,-0.248160,0.081000,True
HS,EURPLN_ret,0.050000,2083,112,0.053769,0.050000,12.098221,0.000505,False,21.029847,0.000027,False,Green,10,,,
HS,PX_ret,0.010000,2003,38,0.018972,0.010000,13.654148,0.000220,False,30.122217,0.000000,False,Yellow,5,,,
HS,PX_ret,0.025000,2003,73,0.036445,0.025000,13.149455,0.000288,False,36.988270,0.000000,False,Green,8,-0.613994,0.001000,False
HS,PX_ret,0.050000,2003,117,0.058412,0.050000,14.840423,0.000117,False,32.242671,0.000000,False,Green,14,,,
HS,EURCZK_ret,0.010000,2083,32,0.015362,0.010000,5.841700,0.015651,False,6.272073,0.043455,False,Green,3,,,
HS,EURCZK_ret,0.025000,2083,61,0.029285,0.025000,4.577095,0.032402,False,5.020194,0.081260,True,Green,3,-0.257098,0.067000,True
HS,EURCZK_ret,0.050000,2083,114,0.054729,0.050000,12.647494,0.000376,False,16.045114,0.000328,False,Green,7,,,
HS,BUX_ret,0.010000,1991,36,0.018081,0.010000,11.320697,0.000766,False,24.149155,0.000006,False,Green,3,,,
HS,BUX_ret,0.025000,1991,62,0.031140,0.025000,5.999628,0.014309,False,29.076187,0.000000,False,Green,7,-0.484903,0.009000,False
HS,BUX_ret,0.050000,1991,113,0.056755,0.050000,13.428634,0.000248,False,30.099494,0.000000,False,Green,10,,,
HS,EURHUF_ret,0.010000,2083,30,0.014402,0.010000,4.192045,0.040614,False,7.363345,0.025181,False,Green,1,,,
HS,EURHUF_ret,0.025000,2083,68,0.032645,0.025000,8.006311,0.004661,False,10.821184,0.004469,False,Green,3,-0.385667,0.014000,False
HS,EURHUF_ret,0.050000,2083,121,0.058089,0.050000,15.146792,0.000099,False,21.404151,0.000022,False,Green,12,,,
HS,SOFIX_ret,0.010000,1969,31,0.015744,0.010000,6.209201,0.012709,False,16.869954,0.000217,False,Yellow,5,,,
HS,SOFIX_ret,0.025000,1969,61,0.030980,0.025000,5.776756,0.016239,False,25.252718,0.000003,False,Green,7,-0.465233,0.041000,False
HS,SOFIX_ret,0.050000,1969,113,0.057390,0.050000,13.757373,0.000208,False,27.708525,0.000001,False,Green,13,,,
HS,USDBGN_ret,0.010000,2081,36,0.017299,0.010000,9.918039,0.001637,False,11.953478,0.002537,False,Yellow,6,,,
HS,USDBGN_ret,0.025000,2081,58,0.027871,0.025000,3.615840,0.057232,True,6.307787,0.042686,False,Green,9,-0.225189,0.078000,True
HS,USDBGN_ret,0.050000,2081,109,0.052379,0.050000,11.426182,0.000724,False,14.426410,0.000737,False,Green,14,,,
GJR-GARCH,BET_ret,0.010000,1994,35,0.017553,0.010000,10.082130,0.001497,False,10.097455,0.006417,False,Green,2,,,
GJR-GARCH,BET_ret,0.025000,1994,72,0.036108,0.025000,12.540344,0.000398,False,12.724911,0.001725,False,Green,7,-0.525340,0.015000,False
GJR-GARCH,BET_ret,0.050000,1994,113,0.056670,0.050000,13.386088,0.000253,False,13.460300,0.001194,False,Green,12,,,
GJR-GARCH,EURRON_ret,0.010000,2081,22,0.010572,0.010000,0.509690,0.475273,True,0.510851,0.774587,True,Green,3,,,
GJR-GARCH,EURRON_ret,0.025000,2081,56,0.026910,0.025000,3.139647,0.076410,True,3.347368,0.187555,True,Green,9,-0.667519,0.098000,True
GJR-GARCH,EURRON_ret,0.050000,2081,119,0.057184,0.050000,14.373106,0.000150,False,14.977547,0.000559,False,Green,15,,,
GJR-GARCH,WIG20_ret,0.010000,1997,33,0.016525,0.010000,7.839632,0.005111,False,8.168710,0.016834,False,Green,4,,,
GJR-GARCH,WIG20_ret,0.025000,1997,70,0.035053,0.025000,10.918459,0.000952,False,12.116216,0.002339,False,Green,5,-0.467409,0.002000,False
GJR-GARCH,WIG20_ret,0.050000,1997,115,0.057586,0.050000,14.109270,0.000172,False,14.611606,0.000672,False,Green,8,,,
GJR-GARCH,EURPLN_ret,0.010000,2083,35,0.016803,0.010000,8.787882,0.003032,False,8.801680,0.012267,False,Green,2,,,
GJR-GARCH,EURPLN_ret,0.025000,2083,68,0.032645,0.025000,8.006311,0.004661,False,10.821184,0.004469,False,Green,5,-0.389901,0.018000,False
GJR-GARCH,EURPLN_ret,0.050000,2083,130,0.062410,0.050000,19.618012,0.000009,False,21.519150,0.000021,False,Green,15,,,
GJR-GARCH,PX_ret,0.010000,2003,31,0.015477,0.010000,5.822796,0.015820,False,5.833898,0.054098,True,Green,4,,,
GJR-GARCH,PX_ret,0.025000,2003,70,0.034948,0.025000,10.794746,0.001018,False,11.713226,0.002861,False,Yellow,10,-0.479928,0.002000,False
GJR-GARCH,PX_ret,0.050000,2003,121,0.060409,0.050000,16.709674,0.000044,False,16.747129,0.000231,False,Green,14,,,
GJR-GARCH,EURCZK_ret,0.010000,2083,27,0.012962,0.010000,2.231098,0.135258,True,2.237097,0.326754,True,Green,3,,,
GJR-GARCH,EURCZK_ret,0.025000,2083,62,0.029765,0.025000,4.969716,0.025795,False,5.469830,0.064900,True,Green,5,-0.242539,0.063000,True
GJR-GARCH,EURCZK_ret,0.050000,2083,108,0.051848,0.050000,11.227444,0.000806,False,11.792163,0.002750,False,Green,12,,,
GJR-GARCH,BUX_ret,0.010000,1991,34,0.017077,0.010000,8.993795,0.002709,False,11.238535,0.003627,False,Green,3,,,
GJR-GARCH,BUX_ret,0.025000,1991,70,0.035158,0.025000,11.043481,0.000890,False,17.251396,0.000179,False,Green,7,-0.524874,0.006000,False
GJR-GARCH,BUX_ret,0.050000,1991,109,0.054746,0.050000,12.099182,0.000504,False,14.694047,0.000645,False,Green,10,,,
GJR-GARCH,EURHUF_ret,0.010000,2083,33,0.015843,0.010000,6.762764,0.009308,False,7.131048,0.028282,False,Green,2,,,
GJR-GARCH,EURHUF_ret,0.025000,2083,65,0.031205,0.025000,6.345043,0.011771,False,7.971900,0.018575,False,Green,8,-0.313548,0.034000,False
GJR-GARCH,EURHUF_ret,0.050000,2083,99,0.047528,0.050000,10.428425,0.001241,False,11.507972,0.003170,False,Green,10,,,
GJR-GARCH,SOFIX_ret,0.010000,1969,33,0.016760,0.010000,8.216591,0.004151,False,8.230303,0.016323,False,Yellow,5,,,
GJR-GARCH,SOFIX_ret,0.025000,1969,68,0.034535,0.025000,10.019866,0.001549,False,10.098130,0.006415,False,Green,7,-0.579469,0.012000,False
GJR-GARCH,SOFIX_ret,0.050000,1969,117,0.059421,0.050000,15.481480,0.000083,False,15.671405,0.000395,False,Green,14,,,
GJR-GARCH,USDBGN_ret,0.010000,2081,34,0.016338,0.010000,7.771078,0.005309,False,8.082227,0.017578,False,Yellow,7,,,
GJR-GARCH,USDBGN_ret,0.025000,2081,57,0.027391,0.025000,3.359705,0.066810,True,4.480767,0.106418,True,Green,9,-0.173196,0.136000,True
GJR-GARCH,USDBGN_ret,0.050000,2081,119,0.057184,0.050000,14.373106,0.000150,False,14.500260,0.000710,False,Green,16,,,
ARIMA-Conformal,BET_ret,0.010000,1994,34,0.017051,0.010000,8.950830,0.002773,False,14.347204,0.000767,False,Green,4,,,
ARIMA-Conformal,BET_ret,0.025000,1994,65,0.032598,0.025000,7.607621,0.005812,False,24.983656,0.000004,False,Green,6,-0.545350,0.013000,False
ARIMA-Conformal,BET_ret,0.050000,1994,114,0.057172,0.050000,13.762566,0.000207,False,32.562777,0.000000,False,Green,8,,,
ARIMA-Conformal,EURRON_ret,0.010000,2081,20,0.009611,0.010000,0.434277,0.509898,True,2.182532,0.335791,True,Yellow,6,,,
ARIMA-Conformal,EURRON_ret,0.025000,2081,54,0.025949,0.025000,2.810291,0.093661,True,6.268109,0.043541,False,Yellow,12,-0.616772,0.107000,True
ARIMA-Conformal,EURRON_ret,0.050000,2081,101,0.048534,0.050000,10.456239,0.001222,False,26.053565,0.000002,False,Yellow,22,,,
ARIMA-Conformal,WIG20_ret,0.010000,1997,35,0.017526,0.010000,10.036261,0.001535,False,15.141976,0.000515,False,Green,4,,,
ARIMA-Conformal,WIG20_ret,0.025000,1997,71,0.035553,0.025000,11.680506,0.000632,False,20.116894,0.000043,False,Green,5,-0.562041,0.003000,False
ARIMA-Conformal,WIG20_ret,0.050000,1997,115,0.057586,0.050000,14.109270,0.000172,False,16.898076,0.000214,False,Green,9,,,
ARIMA-Conformal,EURPLN_ret,0.010000,2083,29,0.013922,0.010000,3.467622,0.062581,True,10.803712,0.004508,False,Green,1,,,
ARIMA-Conformal,EURPLN_ret,0.025000,2083,62,0.029765,0.025000,4.969716,0.025795,False,8.976353,0.011241,False,Green,4,-0.329939,0.041000,False
ARIMA-Conformal,EURPLN_ret,0.050000,2083,116,0.055689,0.050000,13.271009,0.000270,False,19.198492,0.000068,False,Green,10,,,
ARIMA-Conformal,PX_ret,0.010000,2003,35,0.017474,0.010000,9.945006,0.001613,False,18.900591,0.000079,False,Yellow,5,,,
ARIMA-Conformal,PX_ret,0.025000,2003,73,0.036445,0.025000,13.149455,0.000288,False,26.584410,0.000002,False,Green,8,-0.641690,0.003000,False
ARIMA-Conformal,PX_ret,0.050000,2003,116,0.057913,0.050000,14.418139,0.000146,False,29.824935,0.000000,False,Green,14,,,
ARIMA-Conformal,EURCZK_ret,0.010000,2083,30,0.014402,0.010000,4.192045,0.040614,False,4.765000,0.092320,True,Green,3,,,
ARIMA-Conformal,EURCZK_ret,0.025000,2083,66,0.031685,0.025000,6.867654,0.008777,False,8.367338,0.015242,False,Green,3,-0.386081,0.031000,False
ARIMA-Conformal,EURCZK_ret,0.050000,2083,117,0.056169,0.050000,13.610229,0.000225,False,19.281829,0.000065,False,Green,7,,,
ARIMA-Conformal,BUX_ret,0.010000,1991,37,0.018584,0.010000,12.569820,0.000392,False,29.603660,0.000000,False,Green,4,,,
ARIMA-Conformal,BUX_ret,0.025000,1991,64,0.032145,0.025000,7.070563,0.007836,False,32.944757,0.000000,False,Green,8,-0.526264,0.009000,False
ARIMA-Conformal,BUX_ret,0.050000,1991,112,0.056253,0.050000,13.067728,0.000300,False,30.228366,0.000000,False,Green,10,,,
ARIMA-Conformal,EURHUF_ret,0.010000,2083,29,0.013922,0.010000,3.467622,0.062581,True,10.803712,0.004508,False,Green,1,,,
ARIMA-Conformal,EURHUF_ret,0.025000,2083,65,0.031205,0.025000,6.345043,0.011771,False,7.971900,0.018575,False,Green,3,-0.367973,0.030000,False
ARIMA-Conformal,EURHUF_ret,0.050000,2083,115,0.055209,0.050000,12.950048,0.000320,False,16.160825,0.000310,False,Green,11,,,
ARIMA-Conformal,SOFIX_ret,0.010000,1969,30,0.015236,0.010000,5.302836,0.021291,False,27.357454,0.000001,False,Yellow,5,,,
ARIMA-Conformal,SOFIX_ret,0.025000,1969,62,0.031488,0.025000,6.285470,0.012173,False,29.148648,0.000000,False,Green,7,-0.558107,0.030000,False
ARIMA-Conformal,SOFIX_ret,0.050000,1969,115,0.058405,0.050000,14.582485,0.000134,False,27.673758,0.000001,False,Green,11,,,
ARIMA-Conformal,USDBGN_ret,0.010000,2081,35,0.016819,0.010000,8.815495,0.002987,False,11.015836,0.004055,False,Yellow,6,,,
ARIMA-Conformal,USDBGN_ret,0.025000,2081,62,0.029793,0.025000,4.989370,0.025503,False,17.463030,0.000161,False,Yellow,10,-0.304598,0.039000,False
ARIMA-Conformal,USDBGN_ret,0.050000,2081,118,0.056704,0.050000,13.995770,0.000183,False,15.629441,0.000404,False,Green,17,,,
LSTM-Conformal,BET_ret,0.010000,1994,38,0.019057,0.010000,13.818795,0.000201,False,35.303340,0.000000,False,Green,3,,,
LSTM-Conformal,BET_ret,0.025000,1994,67,0.033601,0.025000,8.864651,0.002907,False,36.809762,0.000000,False,Green,6,-0.531094,0.017000,False
LSTM-Conformal,BET_ret,0.050000,1994,111,0.055667,0.050000,12.689578,0.000368,False,35.950436,0.000000,False,Green,6,,,
LSTM-Conformal,EURRON_ret,0.010000,2081,23,0.011052,0.010000,0.687431,0.407040,True,0.689563,0.708375,True,Yellow,6,,,
LSTM-Conformal,EURRON_ret,0.025000,2081,46,0.022105,0.025000,3.073478,0.079579,True,3.067559,0.215719,True,Green,8,-0.862239,0.072000,True
LSTM-Conformal,EURRON_ret,0.050000,2081,107,0.051418,0.050000,11.064027,0.000880,False,14.431776,0.000735,False,Yellow,19,,,
LSTM-Conformal,WIG20_ret,0.010000,1997,31,0.015523,0.010000,5.889648,0.015230,False,12.271894,0.002164,False,Green,4,,,
LSTM-Conformal,WIG20_ret,0.025000,1997,65,0.032549,0.025000,7.560835,0.005965,False,15.345985,0.000465,False,Green,5,-0.430113,0.015000,False
LSTM-Conformal,WIG20_ret,0.050000,1997,111,0.055583,0.050000,12.653945,0.000375,False,14.951097,0.000567,False,Green,7,,,
LSTM-Conformal,EURPLN_ret,0.010000,2083,32,0.015362,0.010000,5.841700,0.015651,False,8.595145,0.013602,False,Green,1,,,
LSTM-Conformal,EURPLN_ret,0.025000,2083,61,0.029285,0.025000,4.577095,0.032402,False,11.316749,0.003488,False,Green,4,-0.265838,0.066000,True
LSTM-Conformal,EURPLN_ret,0.050000,2083,116,0.055689,0.050000,13.271009,0.000270,False,22.873580,0.000011,False,Green,10,,,
LSTM-Conformal,PX_ret,0.010000,2003,43,0.021468,0.010000,20.892769,0.000005,False,43.858582,0.000000,False,Yellow,6,,,
LSTM-Conformal,PX_ret,0.025000,2003,69,0.034448,0.025000,10.068525,0.001508,False,25.415383,0.000003,False,Green,8,-0.509889,0.010000,False
LSTM-Conformal,PX_ret,0.050000,2003,111,0.055417,0.050000,12.584269,0.000389,False,23.211341,0.000009,False,Green,12,,,
LSTM-Conformal,EURCZK_ret,0.010000,2083,31,0.014882,0.010000,4.984122,0.025581,False,5.482629,0.064486,True,Green,3,,,
LSTM-Conformal,EURCZK_ret,0.025000,2083,64,0.030725,0.025000,5.854193,0.015540,False,5.866561,0.053222,True,Green,5,-0.306257,0.048000,False
LSTM-Conformal,EURCZK_ret,0.050000,2083,122,0.058569,0.050000,15.575150,0.000079,False,18.750306,0.000085,False,Green,9,,,
LSTM-Conformal,BUX_ret,0.010000,1991,40,0.020090,0.010000,16.642077,0.000045,False,27.487775,0.000001,False,Green,3,,,
LSTM-Conformal,BUX_ret,0.025000,1991,64,0.032145,0.025000,7.070563,0.007836,False,21.401470,0.000023,False,Green,7,-0.496908,0.006000,False
LSTM-Conformal,BUX_ret,0.050000,1991,111,0.055751,0.050000,12.725743,0.000361,False,33.087865,0.000000,False,Green,10,,,
LSTM-Conformal,EURHUF_ret,0.010000,2083,26,0.012482,0.010000,1.724109,0.189165,True,2.664357,0.263902,True,Green,1,,,
LSTM-Conformal,EURHUF_ret,0.025000,2083,64,0.030725,0.025000,5.854193,0.015540,False,7.614366,0.022211,False,Green,5,-0.275520,0.055000,True
LSTM-Conformal,EURHUF_ret,0.050000,2083,115,0.055209,0.050000,12.950048,0.000320,False,19.140025,0.000070,False,Green,12,,,
LSTM-Conformal,SOFIX_ret,0.010000,1969,30,0.015236,0.010000,5.302836,0.021291,False,16.469855,0.000265,False,Yellow,5,,,
LSTM-Conformal,SOFIX_ret,0.025000,1969,66,0.033520,0.025000,8.648371,0.003274,False,25.270190,0.000003,False,Green,7,-0.517934,0.023000,False
LSTM-Conformal,SOFIX_ret,0.050000,1969,124,0.062976,0.050000,19.193051,0.000012,False,32.914483,0.000000,False,Green,13,,,
LSTM-Conformal,USDBGN_ret,0.010000,2081,32,0.015377,0.010000,5.863456,0.015458,False,8.613941,0.013474,False,Yellow,6,,,
LSTM-Conformal,USDBGN_ret,0.025000,2081,62,0.029793,0.025000,4.989370,0.025503,False,5.647277,0.059389,True,Green,9,-0.244825,0.063000,True
LSTM-Conformal,USDBGN_ret,0.050000,2081,112,0.053820,0.050000,12.114230,0.000500,False,17.401227,0.000166,False,Green,13,,,
Chronos-2,BET_ret,0.010000,399,5,0.012531,0.010000,0.339555,0.560086,True,0.344707,0.841682,True,Green,2,,,
Chronos-2,BET_ret,0.025000,399,17,0.042607,0.025000,5.064900,0.024415,False,5.101458,0.078025,True,Green,7,-0.503360,0.077000,True
Chronos-2,BET_ret,0.050000,399,29,0.072682,0.050000,6.788692,0.009174,False,7.661607,0.021692,False,Green,16,,,
Chronos-2,EURRON_ret,0.010000,417,5,0.011990,0.010000,0.257392,0.611918,True,0.261446,0.877461,True,Green,4,,,
Chronos-2,EURRON_ret,0.025000,417,10,0.023981,0.025000,0.524367,0.468985,True,0.522336,0.770151,True,Green,7,-7.078823,0.240000,True
Chronos-2,EURRON_ret,0.050000,417,24,0.057554,0.050000,2.940786,0.086369,True,3.088695,0.213451,True,Green,16,,,
Chronos-2,WIG20_ret,0.010000,400,4,0.010000,0.010000,0.080403,0.776752,True,0.080428,0.960584,True,Green,2,,,
Chronos-2,WIG20_ret,0.025000,400,8,0.020000,0.025000,0.845027,0.357963,True,0.834848,0.658742,True,Green,4,0.036517,0.501000,True
Chronos-2,WIG20_ret,0.050000,400,19,0.047500,0.050000,2.002629,0.157027,True,2.008218,0.366371,True,Green,10,,,
Chronos-2,EURPLN_ret,0.010000,417,2,0.004796,0.010000,1.452512,0.228125,True,1.442039,0.486256,True,Green,1,,,
Chronos-2,EURPLN_ret,0.025000,417,3,0.007194,0.025000,7.663120,0.005636,False,7.626942,0.022071,False,Green,1,0.720791,1.000000,True
Chronos-2,EURPLN_ret,0.050000,417,15,0.035971,0.050000,3.445652,0.063418,True,3.757341,0.152793,True,Green,9,,,
Chronos-2,PX_ret,0.010000,401,10,0.024938,0.010000,6.587722,0.010268,False,6.618193,0.036549,False,Yellow,6,,,
Chronos-2,PX_ret,0.025000,401,24,0.059850,0.025000,15.673486,0.000075,False,17.258030,0.000179,False,Red,17,-1.212063,0.005000,False
Chronos-2,PX_ret,0.050000,401,39,0.097257,0.050000,18.955492,0.000013,False,20.431097,0.000037,False,Red,24,,,
Chronos-2,EURCZK_ret,0.010000,417,2,0.004796,0.010000,1.452512,0.228125,True,1.442039,0.486256,True,Green,0,,,
Chronos-2,EURCZK_ret,0.025000,417,9,0.021583,0.025000,0.665030,0.414790,True,0.658085,0.719612,True,Green,5,0.310933,0.917000,True
Chronos-2,EURCZK_ret,0.050000,417,18,0.043165,0.050000,2.275654,0.131420,True,2.324835,0.312729,True,Green,9,,,
Chronos-2,BUX_ret,0.010000,399,5,0.012531,0.010000,0.339555,0.560086,True,0.344707,0.841682,True,Green,3,,,
Chronos-2,BUX_ret,0.025000,399,12,0.030075,0.025000,1.003979,0.316350,True,1.014495,0.602151,True,Green,7,-0.204457,0.283000,True
Chronos-2,BUX_ret,0.050000,399,21,0.052632,0.050000,2.211548,0.136981,True,4.791319,0.091113,True,Green,12,,,
Chronos-2,EURHUF_ret,0.010000,417,2,0.004796,0.010000,1.452512,0.228125,True,1.442039,0.486256,True,Green,1,,,
Chronos-2,EURHUF_ret,0.025000,417,2,0.004796,0.025000,10.520421,0.001181,False,10.479413,0.005302,False,Green,1,0.788846,1.000000,True
Chronos-2,EURHUF_ret,0.050000,417,15,0.035971,0.050000,3.445652,0.063418,True,3.416423,0.181190,True,Green,7,,,
Chronos-2,SOFIX_ret,0.010000,394,4,0.010152,0.010000,0.081321,0.775515,True,0.081655,0.959995,True,Green,1,,,
Chronos-2,SOFIX_ret,0.025000,394,9,0.022843,0.025000,0.533156,0.465283,True,0.528795,0.767668,True,Green,3,0.029655,0.498000,True
Chronos-2,SOFIX_ret,0.050000,394,19,0.048223,0.050000,1.975627,0.159852,True,3.056782,0.216884,True,Green,10,,,
Chronos-2,USDBGN_ret,0.010000,417,5,0.011990,0.010000,0.257392,0.611918,True,0.261446,0.877461,True,Green,2,,,
Chronos-2,USDBGN_ret,0.025000,417,10,0.023981,0.025000,0.524367,0.468985,True,0.522336,0.770151,True,Green,5,0.023203,0.504000,True
Chronos-2,USDBGN_ret,0.050000,417,20,0.047962,0.050000,2.088687,0.148394,True,2.086199,0.352361,True,Green,10,,,
TimesFM-2.5,BET_ret,0.010000,1994,40,0.020060,0.010000,16.580702,0.000047,False,16.648042,0.000243,False,Yellow,7,,,
TimesFM-2.5,BET_ret,0.025000,1994,86,0.043129,0.025000,26.527604,0.000000,False,29.144125,0.000000,False,Yellow,11,-0.883196,0.001000,False
TimesFM-2.5,BET_ret,0.050000,1994,142,0.071214,0.050000,31.358803,0.000000,False,34.858290,0.000000,False,Yellow,20,,,
TimesFM-2.5,EURRON_ret,0.010000,2081,48,0.023066,0.010000,27.178937,0.000000,False,27.216847,0.000001,False,Yellow,8,,,
TimesFM-2.5,EURRON_ret,0.025000,2081,92,0.044210,0.025000,30.393104,0.000000,False,30.434220,0.000000,False,Yellow,12,-5.940866,0.023000,False
TimesFM-2.5,EURRON_ret,0.050000,2081,152,0.073042,0.050000,36.084411,0.000000,False,39.338949,0.000000,False,Yellow,18,,,
TimesFM-2.5,WIG20_ret,0.010000,1997,27,0.013520,0.010000,2.794454,0.094591,True,15.727550,0.000384,False,Green,4,,,
TimesFM-2.5,WIG20_ret,0.025000,1997,55,0.027541,0.025000,3.297442,0.069388,True,8.741101,0.012644,False,Green,6,-0.242475,0.092000,True
TimesFM-2.5,WIG20_ret,0.050000,1997,96,0.048072,0.050000,10.006514,0.001560,False,10.423632,0.005452,False,Green,8,,,
TimesFM-2.5,EURPLN_ret,0.010000,2083,15,0.007201,0.010000,2.127655,0.144662,True,2.122012,0.346107,True,Green,1,,,
TimesFM-2.5,EURPLN_ret,0.025000,2083,37,0.017763,0.025000,6.844376,0.008892,False,8.695578,0.012935,False,Green,2,0.296272,0.993000,True
TimesFM-2.5,EURPLN_ret,0.050000,2083,76,0.036486,0.050000,16.600119,0.000046,False,18.150213,0.000114,False,Green,6,,,
TimesFM-2.5,PX_ret,0.010000,2003,44,0.021967,0.010000,22.487698,0.000002,False,23.403328,0.000008,False,Yellow,5,,,
TimesFM-2.5,PX_ret,0.025000,2003,87,0.043435,0.025000,27.373107,0.000000,False,31.410154,0.000000,False,Green,8,-0.902081,0.000000,False
TimesFM-2.5,PX_ret,0.050000,2003,141,0.070394,0.050000,30.117626,0.000000,False,32.807319,0.000000,False,Green,16,,,
TimesFM-2.5,EURCZK_ret,0.010000,2083,17,0.008161,0.010000,1.100669,0.294119,True,1.096962,0.577827,True,Green,3,,,
TimesFM-2.5,EURCZK_ret,0.025000,2083,53,0.025444,0.025000,2.700443,0.100320,True,2.805507,0.245919,True,Green,6,0.027082,0.612000,True
TimesFM-2.5,EURCZK_ret,0.050000,2083,114,0.054729,0.050000,12.647494,0.000376,False,13.676869,0.001072,False,Green,16,,,
TimesFM-2.5,BUX_ret,0.010000,1991,25,0.012557,0.010000,1.718358,0.189905,True,5.993993,0.049937,False,Green,4,,,
TimesFM-2.5,BUX_ret,0.025000,1991,61,0.030638,0.025000,5.513850,0.018866,False,14.677067,0.000650,False,Green,8,-0.374919,0.023000,False
TimesFM-2.5,BUX_ret,0.050000,1991,103,0.051733,0.050000,10.690921,0.001077,False,22.019054,0.000017,False,Green,13,,,
TimesFM-2.5,EURHUF_ret,0.010000,2083,24,0.011522,0.010000,0.946951,0.330497,True,2.118124,0.346781,True,Green,1,,,
TimesFM-2.5,EURHUF_ret,0.025000,2083,53,0.025444,0.025000,2.700443,0.100320,True,9.034561,0.010919,False,Green,3,-0.109412,0.247000,True
TimesFM-2.5,EURHUF_ret,0.050000,2083,103,0.049448,0.050000,10.579832,0.001143,False,13.332911,0.001273,False,Green,7,,,
TimesFM-2.5,SOFIX_ret,0.010000,1969,24,0.012189,0.010000,1.373214,0.241260,True,1.377647,0.502167,True,Green,2,,,
TimesFM-2.5,SOFIX_ret,0.025000,1969,50,0.025394,0.025000,2.544232,0.110698,True,4.367609,0.112612,True,Green,7,-0.153816,0.201000,True
TimesFM-2.5,SOFIX_ret,0.050000,1969,91,0.046216,0.050000,9.943560,0.001614,False,11.662748,0.002934,False,Green,9,,,
TimesFM-2.5,USDBGN_ret,0.010000,2081,27,0.012975,0.010000,2.243109,0.134211,True,3.079124,0.214475,True,Yellow,7,,,
TimesFM-2.5,USDBGN_ret,0.025000,2081,54,0.025949,0.025000,2.810291,0.093661,True,6.268109,0.043541,False,Green,9,-0.112235,0.219000,True
TimesFM-2.5,USDBGN_ret,0.050000,2081,114,0.054781,0.050000,12.667566,0.000372,False,12.775572,0.001682,False,Yellow,18,,,
Moirai-2.0,BET_ret,0.010000,1994,30,0.015045,0.010000,5.042551,0.024732,False,5.052777,0.079947,True,Green,4,,,
Moirai-2.0,BET_ret,0.025000,1994,92,0.046138,0.025000,34.028678,0.000000,False,35.671008,0.000000,False,Yellow,13,-0.788677,0.000000,False
Moirai-2.0,BET_ret,0.050000,1994,166,0.083250,0.050000,56.038353,0.000000,False,56.169427,0.000000,False,Yellow,21,,,
Moirai-2.0,EURRON_ret,0.010000,2081,84,0.040365,0.010000,111.691111,0.000000,False,114.238635,0.000000,False,Red,15,,,
Moirai-2.0,EURRON_ret,0.025000,2081,158,0.075925,0.025000,152.719683,0.000000,False,158.763333,0.000000,False,Red,23,-9.398814,0.000000,False
Moirai-2.0,EURRON_ret,0.050000,2081,229,0.110043,0.050000,142.954947,0.000000,False,151.813949,0.000000,False,Red,29,,,
Moirai-2.0,WIG20_ret,0.010000,1997,24,0.012018,0.010000,1.254125,0.262766,True,5.833849,0.054100,True,Yellow,5,,,
Moirai-2.0,WIG20_ret,0.025000,1997,53,0.026540,0.025000,2.874170,0.090011,True,3.111685,0.211012,True,Green,6,-0.049505,0.345000,True
Moirai-2.0,WIG20_ret,0.050000,1997,132,0.066099,0.050000,23.480439,0.000001,False,23.932491,0.000006,False,Green,16,,,
Moirai-2.0,EURPLN_ret,0.010000,2083,17,0.008161,0.010000,1.100669,0.294119,True,1.096962,0.577827,True,Green,0,,,
Moirai-2.0,EURPLN_ret,0.025000,2083,48,0.023044,0.025000,2.766219,0.096273,True,2.773332,0.249907,True,Green,3,0.142139,0.867000,True
Moirai-2.0,EURPLN_ret,0.050000,2083,108,0.051848,0.050000,11.227444,0.000806,False,11.792163,0.002750,False,Green,8,,,
Moirai-2.0,PX_ret,0.010000,2003,37,0.018472,0.010000,12.362188,0.000438,False,12.512725,0.001918,False,Green,4,,,
Moirai-2.0,PX_ret,0.025000,2003,89,0.044433,0.025000,29.807994,0.000000,False,29.848805,0.000000,False,Yellow,10,-0.728110,0.000000,False
Moirai-2.0,PX_ret,0.050000,2003,152,0.075886,0.050000,40.151295,0.000000,False,40.236630,0.000000,False,Yellow,19,,,
Moirai-2.0,EURCZK_ret,0.010000,2083,29,0.013922,0.010000,3.467622,0.062581,True,3.475568,0.175910,True,Green,3,,,
Moirai-2.0,EURCZK_ret,0.025000,2083,74,0.035526,0.025000,12.138841,0.000494,False,12.160567,0.002288,False,Green,4,-0.305008,0.025000,False
Moirai-2.0,EURCZK_ret,0.050000,2083,133,0.063850,0.050000,21.408196,0.000004,False,23.329396,0.000009,False,Green,8,,,
Moirai-2.0,BUX_ret,0.010000,1991,27,0.013561,0.010000,2.837448,0.092090,True,6.572798,0.037388,False,Yellow,5,,,
Moirai-2.0,BUX_ret,0.025000,1991,66,0.033149,0.025000,8.270670,0.004029,False,11.181182,0.003733,False,Green,7,-0.300958,0.046000,False
Moirai-2.0,BUX_ret,0.050000,1991,125,0.062783,0.050000,19.180734,0.000012,False,21.398584,0.000023,False,Green,17,,,
Moirai-2.0,EURHUF_ret,0.010000,2083,19,0.009121,0.010000,0.549236,0.458630,True,0.547466,0.760535,True,Green,1,,,
Moirai-2.0,EURHUF_ret,0.025000,2083,61,0.029285,0.025000,4.577095,0.032402,False,4.611854,0.099666,True,Green,5,-0.059242,0.328000,True
Moirai-2.0,EURHUF_ret,0.050000,2083,133,0.063850,0.050000,21.408196,0.000004,False,21.755105,0.000019,False,Green,8,,,
Moirai-2.0,SOFIX_ret,0.010000,1969,25,0.012697,0.010000,1.835241,0.175510,True,1.840703,0.398379,True,Green,2,,,
Moirai-2.0,SOFIX_ret,0.025000,1969,57,0.028949,0.025000,4.085820,0.043244,False,4.167530,0.124461,True,Green,7,-0.313810,0.066000,True
Moirai-2.0,SOFIX_ret,0.050000,1969,114,0.057897,0.050000,14.160618,0.000168,False,15.503144,0.000430,False,Green,11,,,
Moirai-2.0,USDBGN_ret,0.010000,2081,19,0.009130,0.010000,0.545705,0.460078,True,0.543953,0.761872,True,Green,4,,,
Moirai-2.0,USDBGN_ret,0.025000,2081,55,0.026430,0.025000,2.956293,0.085544,True,2.959240,0.227724,True,Green,8,0.022321,0.555000,True
Moirai-2.0,USDBGN_ret,0.050000,2081,127,0.061028,0.050000,18.022101,0.000022,False,24.698439,0.000004,False,Green,15,,,
Chronos-2-Conf,BET_ret,0.010000,149,2,0.013423,0.010000,0.199451,0.655164,True,0.206469,0.901915,True,Green,2,,,
Chronos-2-Conf,BET_ret,0.025000,149,5,0.033557,0.025000,0.658112,0.417227,True,0.675976,0.713204,True,Green,5,-0.044636,0.376258,True
Chronos-2-Conf,BET_ret,0.050000,149,6,0.040268,0.050000,0.932868,0.334119,True,0.912767,0.633571,True,Green,6,,,
Chronos-2-Conf,EURRON_ret,0.010000,167,2,0.011976,0.010000,0.102155,0.749259,True,0.106224,0.948274,True,Green,2,,,
Chronos-2-Conf,EURRON_ret,0.025000,167,3,0.017964,0.025000,0.527353,0.467722,True,0.513082,0.773723,True,Green,3,0.902896,1.000000,True
Chronos-2-Conf,EURRON_ret,0.050000,167,10,0.059880,0.050000,1.349557,0.245356,True,1.370850,0.503876,True,Green,10,,,
Chronos-2-Conf,WIG20_ret,0.010000,150,1,0.006667,0.010000,0.210852,0.646100,True,0.204174,0.902951,True,Green,1,,,
Chronos-2-Conf,WIG20_ret,0.025000,150,1,0.006667,0.025000,2.958512,0.085427,True,2.921300,0.232085,True,Green,1,0.802042,1.000000,True
Chronos-2-Conf,WIG20_ret,0.050000,150,6,0.040000,0.050000,0.953531,0.328822,True,0.932868,0.627235,True,Green,6,,,
Chronos-2-Conf,EURPLN_ret,0.010000,167,6,0.035928,0.010000,6.922240,0.008513,False,8.692564,0.012955,False,Yellow,6,,,
Chronos-2-Conf,EURPLN_ret,0.025000,167,6,0.035928,0.025000,1.026087,0.311079,True,2.765876,0.250841,True,Green,6,0.236514,0.738739,True
Chronos-2-Conf,EURPLN_ret,0.050000,167,8,0.047904,0.050000,0.836344,0.360444,True,0.832239,0.659601,True,Green,8,,,
Chronos-2-Conf,PX_ret,0.010000,151,1,0.006623,0.010000,0.217619,0.640860,True,0.210852,0.899941,True,Green,1,,,
Chronos-2-Conf,PX_ret,0.025000,151,3,0.019868,0.025000,0.327251,0.567282,True,0.316885,0.853472,True,Green,3,0.444113,1.000000,True
Chronos-2-Conf,PX_ret,0.050000,151,6,0.039735,0.050000,0.974750,0.323498,True,0.953531,0.620788,True,Green,6,,,
Chronos-2-Conf,EURCZK_ret,0.010000,167,2,0.011976,0.010000,0.102155,0.749259,True,0.106224,0.948274,True,Green,2,,,
Chronos-2-Conf,EURCZK_ret,0.025000,167,5,0.029940,0.025000,0.410601,0.521665,True,0.420946,0.810201,True,Green,5,0.322820,0.821464,True
Chronos-2-Conf,EURCZK_ret,0.050000,167,13,0.077844,0.050000,3.681151,0.055031,True,3.741534,0.154006,True,Green,13,,,
Chronos-2-Conf,BUX_ret,0.010000,149,3,0.020134,0.010000,1.254829,0.262632,True,1.275547,0.528468,True,Green,3,,,
Chronos-2-Conf,BUX_ret,0.025000,149,7,0.046980,0.025000,2.710646,0.099681,True,2.756582,0.252009,True,Green,7,-0.302120,0.254254,True
Chronos-2-Conf,BUX_ret,0.050000,149,10,0.067114,0.050000,1.859503,0.172682,True,1.896347,0.387448,True,Green,10,,,
Chronos-2-Conf,EURHUF_ret,0.010000,167,4,0.023952,0.010000,2.441161,0.118189,True,0.942026,0.624369,True,Green,4,,,
Chronos-2-Conf,EURHUF_ret,0.025000,167,6,0.035928,0.025000,1.026087,0.311079,True,0.420946,0.810201,True,Green,6,0.098107,0.568706,True
Chronos-2-Conf,EURHUF_ret,0.050000,167,11,0.065868,0.050000,1.936907,0.164005,True,1.370850,0.503876,True,Green,11,,,
Chronos-2-Conf,SOFIX_ret,0.010000,144,3,0.020833,0.010000,1.361250,0.243321,True,1.383405,0.500723,True,Green,3,,,
Chronos-2-Conf,SOFIX_ret,0.025000,144,7,0.048611,0.025000,2.947127,0.086030,True,3.961519,0.137964,True,Green,7,-0.278288,0.259519,True
Chronos-2-Conf,SOFIX_ret,0.050000,144,8,0.055556,0.050000,0.911148,0.339810,True,1.511575,0.469641,True,Green,8,,,
Chronos-2-Conf,USDBGN_ret,0.010000,167,1,0.005988,0.010000,0.337165,0.561470,True,0.329113,0.848270,True,Green,1,,,
Chronos-2-Conf,USDBGN_ret,0.025000,167,3,0.017964,0.025000,0.527353,0.467722,True,0.513082,0.773723,True,Green,3,0.110806,0.598131,True
Chronos-2-Conf,USDBGN_ret,0.050000,167,7,0.041916,0.050000,0.960642,0.327025,True,0.943958,0.623767,True,Green,7,,,
TimesFM-2.5-Conf,BET_ret,0.010000,1744,34,0.019495,0.010000,13.119165,0.000292,False,13.293079,0.001299,False,Yellow,5,,,
TimesFM-2.5-Conf,BET_ret,0.025000,1744,54,0.030963,0.025000,5.102167,0.023896,False,9.847834,0.007271,False,Green,6,-0.446644,0.023000,False
TimesFM-2.5-Conf,BET_ret,0.050000,1744,95,0.054472,0.050000,10.460292,0.001220,False,16.195923,0.000304,False,Green,10,,,
TimesFM-2.5-Conf,EURRON_ret,0.010000,1831,30,0.016384,0.010000,6.923573,0.008507,False,7.357233,0.025258,False,Yellow,5,,,
TimesFM-2.5-Conf,EURRON_ret,0.025000,1831,58,0.031677,0.025000,6.028543,0.014076,False,6.526486,0.038264,False,Green,7,-2.112155,0.038000,False
TimesFM-2.5-Conf,EURRON_ret,0.050000,1831,102,0.055707,0.050000,11.676597,0.000633,False,15.167077,0.000509,False,Green,13,,,
TimesFM-2.5-Conf,WIG20_ret,0.010000,1747,30,0.017172,0.010000,8.076752,0.004484,False,10.698945,0.004751,False,Green,4,,,
TimesFM-2.5-Conf,WIG20_ret,0.025000,1747,51,0.029193,0.025000,3.779039,0.051898,True,12.345621,0.002085,False,Green,4,-0.501849,0.022000,False
TimesFM-2.5-Conf,WIG20_ret,0.050000,1747,92,0.052662,0.050000,9.694266,0.001848,False,9.985849,0.006786,False,Green,8,,,
TimesFM-2.5-Conf,EURPLN_ret,0.010000,1833,28,0.015276,0.010000,4.999705,0.025352,False,5.587891,0.061179,True,Green,4,,,
TimesFM-2.5-Conf,EURPLN_ret,0.025000,1833,58,0.031642,0.025000,6.001129,0.014297,False,6.029978,0.049046,False,Yellow,10,-0.383189,0.029000,False
TimesFM-2.5-Conf,EURPLN_ret,0.050000,1833,106,0.057829,0.050000,13.130729,0.000290,False,16.762460,0.000229,False,Green,15,,,
TimesFM-2.5-Conf,PX_ret,0.010000,1753,27,0.015402,0.010000,4.978339,0.025667,False,8.295513,0.015800,False,Green,4,,,
TimesFM-2.5-Conf,PX_ret,0.025000,1753,50,0.028523,0.025000,3.385975,0.065753,True,6.774757,0.033797,False,Green,7,-0.455869,0.025000,False
TimesFM-2.5-Conf,PX_ret,0.050000,1753,96,0.054763,0.050000,10.661593,0.001094,False,12.072287,0.002391,False,Green,13,,,
TimesFM-2.5-Conf,EURCZK_ret,0.010000,1833,26,0.014184,0.010000,3.392071,0.065511,True,3.400550,0.182633,True,Green,3,,,
TimesFM-2.5-Conf,EURCZK_ret,0.025000,1833,59,0.032188,0.025000,6.554369,0.010463,False,7.114284,0.028520,False,Green,9,-0.395864,0.040000,False
TimesFM-2.5-Conf,EURCZK_ret,0.050000,1833,106,0.057829,0.050000,13.130729,0.000290,False,14.087614,0.000873,False,Green,15,,,
TimesFM-2.5-Conf,BUX_ret,0.010000,1741,31,0.017806,0.010000,9.320989,0.002265,False,11.729833,0.002837,False,Green,3,,,
TimesFM-2.5-Conf,BUX_ret,0.025000,1741,54,0.031017,0.025000,5.139142,0.023392,False,22.945592,0.000010,False,Green,5,-0.715198,0.007000,False
TimesFM-2.5-Conf,BUX_ret,0.050000,1741,92,0.052843,0.050000,9.729083,0.001814,False,20.633332,0.000033,False,Green,9,,,
TimesFM-2.5-Conf,EURHUF_ret,0.010000,1833,33,0.018003,0.010000,10.248158,0.001368,False,12.431300,0.001998,False,Green,1,,,
TimesFM-2.5-Conf,EURHUF_ret,0.025000,1833,66,0.036007,0.025000,11.377457,0.000743,False,12.401817,0.002028,False,Green,5,-0.607843,0.004000,False
TimesFM-2.5-Conf,EURHUF_ret,0.050000,1833,103,0.056192,0.050000,11.991473,0.000534,False,12.860975,0.001612,False,Green,10,,,
TimesFM-2.5-Conf,SOFIX_ret,0.010000,1719,24,0.013962,0.010000,2.908552,0.088111,True,3.810706,0.148770,True,Yellow,5,,,
TimesFM-2.5-Conf,SOFIX_ret,0.025000,1719,51,0.029668,0.025000,4.034025,0.044591,False,5.266365,0.071849,True,Green,8,-0.464604,0.068000,True
TimesFM-2.5-Conf,SOFIX_ret,0.050000,1719,89,0.051774,0.050000,9.242880,0.002364,False,11.568612,0.003075,False,Green,14,,,
TimesFM-2.5-Conf,USDBGN_ret,0.010000,1831,31,0.016931,0.010000,7.977637,0.004736,False,8.345168,0.015412,False,Yellow,6,,,
TimesFM-2.5-Conf,USDBGN_ret,0.025000,1831,58,0.031677,0.025000,6.028543,0.014076,False,6.057084,0.048386,False,Green,9,-0.416252,0.011000,False
TimesFM-2.5-Conf,USDBGN_ret,0.050000,1831,96,0.052430,0.050000,10.072587,0.001505,False,12.960820,0.001533,False,Green,10,,,
Moirai-2.0-Conf,BET_ret,0.010000,1744,26,0.014908,0.010000,4.210293,0.040179,False,4.220242,0.121223,True,Green,4,,,
Moirai-2.0-Conf,BET_ret,0.025000,1744,51,0.029243,0.025000,3.805053,0.051098,True,3.980346,0.136672,True,Green,8,-0.405180,0.041000,False
Moirai-2.0-Conf,BET_ret,0.050000,1744,88,0.050459,0.050000,9.035323,0.002648,False,9.111064,0.010509,False,Green,11,,,
Moirai-2.0-Conf,EURRON_ret,0.010000,1831,23,0.012561,0.010000,1.584616,0.208097,True,1.589804,0.451625,True,Yellow,6,,,
Moirai-2.0-Conf,EURRON_ret,0.025000,1831,58,0.031677,0.025000,6.028543,0.014076,False,6.042304,0.048745,False,Yellow,14,-2.194241,0.033000,False
Moirai-2.0-Conf,EURRON_ret,0.050000,1831,100,0.054615,0.050000,11.056757,0.000884,False,14.233229,0.000812,False,Green,17,,,
Moirai-2.0-Conf,WIG20_ret,0.010000,1747,28,0.016027,0.010000,5.983345,0.014442,False,6.517334,0.038440,False,Yellow,6,,,
Moirai-2.0-Conf,WIG20_ret,0.025000,1747,48,0.027476,0.025000,2.856316,0.091016,True,4.552521,0.102667,True,Green,6,-0.395382,0.049000,False
Moirai-2.0-Conf,WIG20_ret,0.050000,1747,90,0.051517,0.050000,9.316621,0.002271,False,9.422069,0.008995,False,Green,10,,,
Moirai-2.0-Conf,EURPLN_ret,0.010000,1833,30,0.016367,0.010000,6.897730,0.008631,False,6.910642,0.031577,False,Green,1,,,
Moirai-2.0-Conf,EURPLN_ret,0.025000,1833,48,0.026187,0.025000,2.534794,0.111361,True,2.596925,0.272951,True,Green,4,-0.181678,0.162000,True
Moirai-2.0-Conf,EURPLN_ret,0.050000,1833,100,0.054555,0.050000,11.037405,0.000893,False,11.523092,0.003146,False,Green,14,,,
Moirai-2.0-Conf,PX_ret,0.010000,1753,24,0.013691,0.010000,2.645293,0.103857,True,3.573814,0.167477,True,Green,3,,,
Moirai-2.0-Conf,PX_ret,0.025000,1753,55,0.031375,0.025000,5.492346,0.019100,False,6.335790,0.042092,False,Green,7,-0.594084,0.007000,False
Moirai-2.0-Conf,PX_ret,0.050000,1753,97,0.055334,0.050000,10.967210,0.000927,False,13.312895,0.001286,False,Green,13,,,
Moirai-2.0-Conf,EURCZK_ret,0.010000,1833,23,0.012548,0.010000,1.574281,0.209586,True,1.579441,0.453972,True,Green,4,,,
Moirai-2.0-Conf,EURCZK_ret,0.025000,1833,51,0.027823,0.025000,3.160991,0.075417,True,3.166807,0.205275,True,Green,7,-0.248044,0.102000,True
Moirai-2.0-Conf,EURCZK_ret,0.050000,1833,101,0.055101,0.050000,11.334535,0.000761,False,14.657437,0.000656,False,Green,14,,,
Moirai-2.0-Conf,BUX_ret,0.010000,1741,26,0.014934,0.010000,4.240192,0.039478,False,11.847250,0.002675,False,Green,4,,,
Moirai-2.0-Conf,BUX_ret,0.025000,1741,47,0.026996,0.025000,2.657332,0.103074,True,12.865619,0.001608,False,Green,7,-0.328331,0.076000,True
Moirai-2.0-Conf,BUX_ret,0.050000,1741,83,0.047674,0.050000,8.716014,0.003154,False,18.435071,0.000099,False,Green,12,,,
Moirai-2.0-Conf,EURHUF_ret,0.010000,1833,28,0.015276,0.010000,4.999705,0.025352,False,5.587891,0.061179,True,Green,2,,,
Moirai-2.0-Conf,EURHUF_ret,0.025000,1833,66,0.036007,0.025000,11.377457,0.000743,False,12.483708,0.001946,False,Green,9,-0.550193,0.005000,False
Moirai-2.0-Conf,EURHUF_ret,0.050000,1833,105,0.057283,0.050000,12.730711,0.000360,False,12.950475,0.001541,False,Green,11,,,
Moirai-2.0-Conf,SOFIX_ret,0.010000,1719,22,0.012798,0.010000,1.691266,0.193434,True,1.696935,0.428070,True,Yellow,5,,,
Moirai-2.0-Conf,SOFIX_ret,0.025000,1719,50,0.029087,0.025000,3.651712,0.056012,True,3.828869,0.147425,True,Yellow,10,-0.389658,0.098000,True
Moirai-2.0-Conf,SOFIX_ret,0.050000,1719,92,0.053519,0.050000,9.876611,0.001674,False,14.907037,0.000579,False,Green,12,,,
Moirai-2.0-Conf,USDBGN_ret,0.010000,1831,27,0.014746,0.010000,4.177478,0.040965,False,4.187097,0.123249,True,Green,4,,,
Moirai-2.0-Conf,USDBGN_ret,0.025000,1831,51,0.027854,0.025000,3.172653,0.074881,True,3.178531,0.204075,True,Green,8,-0.243105,0.082000,True
Moirai-2.0-Conf,USDBGN_ret,0.050000,1831,96,0.052430,0.050000,10.072587,0.001505,False,12.662023,0.001780,False,Green,14,,,
